<application>
  <component name="LocalDatabaseDriverManager" version="201">
    <driver id="mariadb">
      <artifact id="MariaDB Connector J" name="MariaDB Connector J" use="true" version="3.0.7" />
    </driver>
    <driver id="sqlserver.ms">
      <artifact id="SQL Server" name="SQL Server" use="true" version="11.2.1" />
    </driver>
    <driver id="mysql.8">
      <artifact />
      <artifact id="MySQL ConnectorJ" name="MySQL ConnectorJ" use="true" version="8.0.25" />
    </driver>
  </component>
</application>