<application>
  <component name="ProjectJdkTable">
    <jdk version="2">
      <name value="liberica-11" />
      <type value="JavaSDK" />
      <version value="BellSoft Liberica version 11.0.14" />
      <homePath value="/usr/lib/jvm/liberica-jdk-11-full" />
      <roots>
        <annotationsPath>
          <root type="composite">
            <root url="jar://$APPLICATION_HOME_DIR$/plugins/java/lib/resources/jdkAnnotations.jar!/" type="simple" />
          </root>
        </annotationsPath>
        <classPath>
          <root type="composite">
            <root url="jrt:///usr/lib/jvm/liberica-jdk-11-full!/java.base" type="simple" />
            <root url="jrt:///usr/lib/jvm/liberica-jdk-11-full!/java.compiler" type="simple" />
            <root url="jrt:///usr/lib/jvm/liberica-jdk-11-full!/java.datatransfer" type="simple" />
            <root url="jrt:///usr/lib/jvm/liberica-jdk-11-full!/java.desktop" type="simple" />
            <root url="jrt:///usr/lib/jvm/liberica-jdk-11-full!/java.instrument" type="simple" />
            <root url="jrt:///usr/lib/jvm/liberica-jdk-11-full!/java.logging" type="simple" />
            <root url="jrt:///usr/lib/jvm/liberica-jdk-11-full!/java.management" type="simple" />
            <root url="jrt:///usr/lib/jvm/liberica-jdk-11-full!/java.management.rmi" type="simple" />
            <root url="jrt:///usr/lib/jvm/liberica-jdk-11-full!/java.naming" type="simple" />
            <root url="jrt:///usr/lib/jvm/liberica-jdk-11-full!/java.net.http" type="simple" />
            <root url="jrt:///usr/lib/jvm/liberica-jdk-11-full!/java.prefs" type="simple" />
            <root url="jrt:///usr/lib/jvm/liberica-jdk-11-full!/java.rmi" type="simple" />
            <root url="jrt:///usr/lib/jvm/liberica-jdk-11-full!/java.scripting" type="simple" />
            <root url="jrt:///usr/lib/jvm/liberica-jdk-11-full!/java.se" type="simple" />
            <root url="jrt:///usr/lib/jvm/liberica-jdk-11-full!/java.security.jgss" type="simple" />
            <root url="jrt:///usr/lib/jvm/liberica-jdk-11-full!/java.security.sasl" type="simple" />
            <root url="jrt:///usr/lib/jvm/liberica-jdk-11-full!/java.smartcardio" type="simple" />
            <root url="jrt:///usr/lib/jvm/liberica-jdk-11-full!/java.sql" type="simple" />
            <root url="jrt:///usr/lib/jvm/liberica-jdk-11-full!/java.sql.rowset" type="simple" />
            <root url="jrt:///usr/lib/jvm/liberica-jdk-11-full!/java.transaction.xa" type="simple" />
            <root url="jrt:///usr/lib/jvm/liberica-jdk-11-full!/java.xml" type="simple" />
            <root url="jrt:///usr/lib/jvm/liberica-jdk-11-full!/java.xml.crypto" type="simple" />
            <root url="jrt:///usr/lib/jvm/liberica-jdk-11-full!/javafx.base" type="simple" />
            <root url="jrt:///usr/lib/jvm/liberica-jdk-11-full!/javafx.controls" type="simple" />
            <root url="jrt:///usr/lib/jvm/liberica-jdk-11-full!/javafx.fxml" type="simple" />
            <root url="jrt:///usr/lib/jvm/liberica-jdk-11-full!/javafx.graphics" type="simple" />
            <root url="jrt:///usr/lib/jvm/liberica-jdk-11-full!/javafx.media" type="simple" />
            <root url="jrt:///usr/lib/jvm/liberica-jdk-11-full!/javafx.swing" type="simple" />
            <root url="jrt:///usr/lib/jvm/liberica-jdk-11-full!/javafx.web" type="simple" />
            <root url="jrt:///usr/lib/jvm/liberica-jdk-11-full!/jdk.accessibility" type="simple" />
            <root url="jrt:///usr/lib/jvm/liberica-jdk-11-full!/jdk.aot" type="simple" />
            <root url="jrt:///usr/lib/jvm/liberica-jdk-11-full!/jdk.attach" type="simple" />
            <root url="jrt:///usr/lib/jvm/liberica-jdk-11-full!/jdk.charsets" type="simple" />
            <root url="jrt:///usr/lib/jvm/liberica-jdk-11-full!/jdk.compiler" type="simple" />
            <root url="jrt:///usr/lib/jvm/liberica-jdk-11-full!/jdk.crypto.cryptoki" type="simple" />
            <root url="jrt:///usr/lib/jvm/liberica-jdk-11-full!/jdk.crypto.ec" type="simple" />
            <root url="jrt:///usr/lib/jvm/liberica-jdk-11-full!/jdk.dynalink" type="simple" />
            <root url="jrt:///usr/lib/jvm/liberica-jdk-11-full!/jdk.editpad" type="simple" />
            <root url="jrt:///usr/lib/jvm/liberica-jdk-11-full!/jdk.hotspot.agent" type="simple" />
            <root url="jrt:///usr/lib/jvm/liberica-jdk-11-full!/jdk.httpserver" type="simple" />
            <root url="jrt:///usr/lib/jvm/liberica-jdk-11-full!/jdk.internal.ed" type="simple" />
            <root url="jrt:///usr/lib/jvm/liberica-jdk-11-full!/jdk.internal.jvmstat" type="simple" />
            <root url="jrt:///usr/lib/jvm/liberica-jdk-11-full!/jdk.internal.le" type="simple" />
            <root url="jrt:///usr/lib/jvm/liberica-jdk-11-full!/jdk.internal.opt" type="simple" />
            <root url="jrt:///usr/lib/jvm/liberica-jdk-11-full!/jdk.internal.vm.ci" type="simple" />
            <root url="jrt:///usr/lib/jvm/liberica-jdk-11-full!/jdk.internal.vm.compiler" type="simple" />
            <root url="jrt:///usr/lib/jvm/liberica-jdk-11-full!/jdk.internal.vm.compiler.management" type="simple" />
            <root url="jrt:///usr/lib/jvm/liberica-jdk-11-full!/jdk.jartool" type="simple" />
            <root url="jrt:///usr/lib/jvm/liberica-jdk-11-full!/jdk.javadoc" type="simple" />
            <root url="jrt:///usr/lib/jvm/liberica-jdk-11-full!/jdk.jcmd" type="simple" />
            <root url="jrt:///usr/lib/jvm/liberica-jdk-11-full!/jdk.jconsole" type="simple" />
            <root url="jrt:///usr/lib/jvm/liberica-jdk-11-full!/jdk.jdeps" type="simple" />
            <root url="jrt:///usr/lib/jvm/liberica-jdk-11-full!/jdk.jdi" type="simple" />
            <root url="jrt:///usr/lib/jvm/liberica-jdk-11-full!/jdk.jdwp.agent" type="simple" />
            <root url="jrt:///usr/lib/jvm/liberica-jdk-11-full!/jdk.jfr" type="simple" />
            <root url="jrt:///usr/lib/jvm/liberica-jdk-11-full!/jdk.jlink" type="simple" />
            <root url="jrt:///usr/lib/jvm/liberica-jdk-11-full!/jdk.jshell" type="simple" />
            <root url="jrt:///usr/lib/jvm/liberica-jdk-11-full!/jdk.jsobject" type="simple" />
            <root url="jrt:///usr/lib/jvm/liberica-jdk-11-full!/jdk.jstatd" type="simple" />
            <root url="jrt:///usr/lib/jvm/liberica-jdk-11-full!/jdk.localedata" type="simple" />
            <root url="jrt:///usr/lib/jvm/liberica-jdk-11-full!/jdk.management" type="simple" />
            <root url="jrt:///usr/lib/jvm/liberica-jdk-11-full!/jdk.management.agent" type="simple" />
            <root url="jrt:///usr/lib/jvm/liberica-jdk-11-full!/jdk.management.jfr" type="simple" />
            <root url="jrt:///usr/lib/jvm/liberica-jdk-11-full!/jdk.naming.dns" type="simple" />
            <root url="jrt:///usr/lib/jvm/liberica-jdk-11-full!/jdk.naming.ldap" type="simple" />
            <root url="jrt:///usr/lib/jvm/liberica-jdk-11-full!/jdk.naming.rmi" type="simple" />
            <root url="jrt:///usr/lib/jvm/liberica-jdk-11-full!/jdk.net" type="simple" />
            <root url="jrt:///usr/lib/jvm/liberica-jdk-11-full!/jdk.pack" type="simple" />
            <root url="jrt:///usr/lib/jvm/liberica-jdk-11-full!/jdk.packager" type="simple" />
            <root url="jrt:///usr/lib/jvm/liberica-jdk-11-full!/jdk.packager.services" type="simple" />
            <root url="jrt:///usr/lib/jvm/liberica-jdk-11-full!/jdk.rmic" type="simple" />
            <root url="jrt:///usr/lib/jvm/liberica-jdk-11-full!/jdk.scripting.nashorn" type="simple" />
            <root url="jrt:///usr/lib/jvm/liberica-jdk-11-full!/jdk.scripting.nashorn.shell" type="simple" />
            <root url="jrt:///usr/lib/jvm/liberica-jdk-11-full!/jdk.sctp" type="simple" />
            <root url="jrt:///usr/lib/jvm/liberica-jdk-11-full!/jdk.security.auth" type="simple" />
            <root url="jrt:///usr/lib/jvm/liberica-jdk-11-full!/jdk.security.jgss" type="simple" />
            <root url="jrt:///usr/lib/jvm/liberica-jdk-11-full!/jdk.unsupported" type="simple" />
            <root url="jrt:///usr/lib/jvm/liberica-jdk-11-full!/jdk.unsupported.desktop" type="simple" />
            <root url="jrt:///usr/lib/jvm/liberica-jdk-11-full!/jdk.xml.dom" type="simple" />
            <root url="jrt:///usr/lib/jvm/liberica-jdk-11-full!/jdk.zipfs" type="simple" />
          </root>
        </classPath>
        <javadocPath>
          <root type="composite" />
        </javadocPath>
        <sourcePath>
          <root type="composite">
            <root url="jar:///usr/lib/jvm/liberica-jdk-11-full/lib/src.zip!/java.se" type="simple" />
            <root url="jar:///usr/lib/jvm/liberica-jdk-11-full/lib/src.zip!/jdk.aot" type="simple" />
            <root url="jar:///usr/lib/jvm/liberica-jdk-11-full/lib/src.zip!/jdk.jdi" type="simple" />
            <root url="jar:///usr/lib/jvm/liberica-jdk-11-full/lib/src.zip!/jdk.jfr" type="simple" />
            <root url="jar:///usr/lib/jvm/liberica-jdk-11-full/lib/src.zip!/jdk.net" type="simple" />
            <root url="jar:///usr/lib/jvm/liberica-jdk-11-full/lib/src.zip!/java.rmi" type="simple" />
            <root url="jar:///usr/lib/jvm/liberica-jdk-11-full/lib/src.zip!/java.sql" type="simple" />
            <root url="jar:///usr/lib/jvm/liberica-jdk-11-full/lib/src.zip!/java.xml" type="simple" />
            <root url="jar:///usr/lib/jvm/liberica-jdk-11-full/lib/src.zip!/jdk.jcmd" type="simple" />
            <root url="jar:///usr/lib/jvm/liberica-jdk-11-full/lib/src.zip!/jdk.pack" type="simple" />
            <root url="jar:///usr/lib/jvm/liberica-jdk-11-full/lib/src.zip!/jdk.rmic" type="simple" />
            <root url="jar:///usr/lib/jvm/liberica-jdk-11-full/lib/src.zip!/jdk.sctp" type="simple" />
            <root url="jar:///usr/lib/jvm/liberica-jdk-11-full/lib/src.zip!/java.base" type="simple" />
            <root url="jar:///usr/lib/jvm/liberica-jdk-11-full/lib/src.zip!/jdk.jdeps" type="simple" />
            <root url="jar:///usr/lib/jvm/liberica-jdk-11-full/lib/src.zip!/jdk.jlink" type="simple" />
            <root url="jar:///usr/lib/jvm/liberica-jdk-11-full/lib/src.zip!/jdk.zipfs" type="simple" />
            <root url="jar:///usr/lib/jvm/liberica-jdk-11-full/lib/src.zip!/java.prefs" type="simple" />
            <root url="jar:///usr/lib/jvm/liberica-jdk-11-full/lib/src.zip!/javafx.web" type="simple" />
            <root url="jar:///usr/lib/jvm/liberica-jdk-11-full/lib/src.zip!/jdk.attach" type="simple" />
            <root url="jar:///usr/lib/jvm/liberica-jdk-11-full/lib/src.zip!/jdk.jshell" type="simple" />
            <root url="jar:///usr/lib/jvm/liberica-jdk-11-full/lib/src.zip!/jdk.jstatd" type="simple" />
            <root url="jar:///usr/lib/jvm/liberica-jdk-11-full/lib/src.zip!/java.naming" type="simple" />
            <root url="jar:///usr/lib/jvm/liberica-jdk-11-full/lib/src.zip!/javafx.base" type="simple" />
            <root url="jar:///usr/lib/jvm/liberica-jdk-11-full/lib/src.zip!/javafx.fxml" type="simple" />
            <root url="jar:///usr/lib/jvm/liberica-jdk-11-full/lib/src.zip!/jdk.editpad" type="simple" />
            <root url="jar:///usr/lib/jvm/liberica-jdk-11-full/lib/src.zip!/jdk.jartool" type="simple" />
            <root url="jar:///usr/lib/jvm/liberica-jdk-11-full/lib/src.zip!/jdk.javadoc" type="simple" />
            <root url="jar:///usr/lib/jvm/liberica-jdk-11-full/lib/src.zip!/jdk.xml.dom" type="simple" />
            <root url="jar:///usr/lib/jvm/liberica-jdk-11-full/lib/src.zip!/java.desktop" type="simple" />
            <root url="jar:///usr/lib/jvm/liberica-jdk-11-full/lib/src.zip!/java.logging" type="simple" />
            <root url="jar:///usr/lib/jvm/liberica-jdk-11-full/lib/src.zip!/javafx.media" type="simple" />
            <root url="jar:///usr/lib/jvm/liberica-jdk-11-full/lib/src.zip!/javafx.swing" type="simple" />
            <root url="jar:///usr/lib/jvm/liberica-jdk-11-full/lib/src.zip!/jdk.charsets" type="simple" />
            <root url="jar:///usr/lib/jvm/liberica-jdk-11-full/lib/src.zip!/jdk.compiler" type="simple" />
            <root url="jar:///usr/lib/jvm/liberica-jdk-11-full/lib/src.zip!/jdk.dynalink" type="simple" />
            <root url="jar:///usr/lib/jvm/liberica-jdk-11-full/lib/src.zip!/jdk.jconsole" type="simple" />
            <root url="jar:///usr/lib/jvm/liberica-jdk-11-full/lib/src.zip!/jdk.jsobject" type="simple" />
            <root url="jar:///usr/lib/jvm/liberica-jdk-11-full/lib/src.zip!/jdk.packager" type="simple" />
            <root url="jar:///usr/lib/jvm/liberica-jdk-11-full/lib/src.zip!/java.compiler" type="simple" />
            <root url="jar:///usr/lib/jvm/liberica-jdk-11-full/lib/src.zip!/java.net.http" type="simple" />
            <root url="jar:///usr/lib/jvm/liberica-jdk-11-full/lib/src.zip!/jdk.crypto.ec" type="simple" />
            <root url="jar:///usr/lib/jvm/liberica-jdk-11-full/lib/src.zip!/java.scripting" type="simple" />
            <root url="jar:///usr/lib/jvm/liberica-jdk-11-full/lib/src.zip!/jdk.httpserver" type="simple" />
            <root url="jar:///usr/lib/jvm/liberica-jdk-11-full/lib/src.zip!/jdk.jdwp.agent" type="simple" />
            <root url="jar:///usr/lib/jvm/liberica-jdk-11-full/lib/src.zip!/jdk.localedata" type="simple" />
            <root url="jar:///usr/lib/jvm/liberica-jdk-11-full/lib/src.zip!/jdk.management" type="simple" />
            <root url="jar:///usr/lib/jvm/liberica-jdk-11-full/lib/src.zip!/jdk.naming.dns" type="simple" />
            <root url="jar:///usr/lib/jvm/liberica-jdk-11-full/lib/src.zip!/jdk.naming.rmi" type="simple" />
            <root url="jar:///usr/lib/jvm/liberica-jdk-11-full/lib/src.zip!/java.instrument" type="simple" />
            <root url="jar:///usr/lib/jvm/liberica-jdk-11-full/lib/src.zip!/java.management" type="simple" />
            <root url="jar:///usr/lib/jvm/liberica-jdk-11-full/lib/src.zip!/java.sql.rowset" type="simple" />
            <root url="jar:///usr/lib/jvm/liberica-jdk-11-full/lib/src.zip!/java.xml.crypto" type="simple" />
            <root url="jar:///usr/lib/jvm/liberica-jdk-11-full/lib/src.zip!/javafx.controls" type="simple" />
            <root url="jar:///usr/lib/jvm/liberica-jdk-11-full/lib/src.zip!/javafx.graphics" type="simple" />
            <root url="jar:///usr/lib/jvm/liberica-jdk-11-full/lib/src.zip!/jdk.internal.ed" type="simple" />
            <root url="jar:///usr/lib/jvm/liberica-jdk-11-full/lib/src.zip!/jdk.internal.le" type="simple" />
            <root url="jar:///usr/lib/jvm/liberica-jdk-11-full/lib/src.zip!/jdk.naming.ldap" type="simple" />
            <root url="jar:///usr/lib/jvm/liberica-jdk-11-full/lib/src.zip!/jdk.unsupported" type="simple" />
            <root url="jar:///usr/lib/jvm/liberica-jdk-11-full/lib/src.zip!/java.smartcardio" type="simple" />
            <root url="jar:///usr/lib/jvm/liberica-jdk-11-full/lib/src.zip!/jdk.internal.opt" type="simple" />
            <root url="jar:///usr/lib/jvm/liberica-jdk-11-full/lib/src.zip!/java.datatransfer" type="simple" />
            <root url="jar:///usr/lib/jvm/liberica-jdk-11-full/lib/src.zip!/jdk.accessibility" type="simple" />
            <root url="jar:///usr/lib/jvm/liberica-jdk-11-full/lib/src.zip!/jdk.hotspot.agent" type="simple" />
            <root url="jar:///usr/lib/jvm/liberica-jdk-11-full/lib/src.zip!/jdk.security.auth" type="simple" />
            <root url="jar:///usr/lib/jvm/liberica-jdk-11-full/lib/src.zip!/jdk.security.jgss" type="simple" />
            <root url="jar:///usr/lib/jvm/liberica-jdk-11-full/lib/src.zip!/java.security.jgss" type="simple" />
            <root url="jar:///usr/lib/jvm/liberica-jdk-11-full/lib/src.zip!/java.security.sasl" type="simple" />
            <root url="jar:///usr/lib/jvm/liberica-jdk-11-full/lib/src.zip!/jdk.internal.vm.ci" type="simple" />
            <root url="jar:///usr/lib/jvm/liberica-jdk-11-full/lib/src.zip!/jdk.management.jfr" type="simple" />
            <root url="jar:///usr/lib/jvm/liberica-jdk-11-full/lib/src.zip!/java.management.rmi" type="simple" />
            <root url="jar:///usr/lib/jvm/liberica-jdk-11-full/lib/src.zip!/java.transaction.xa" type="simple" />
            <root url="jar:///usr/lib/jvm/liberica-jdk-11-full/lib/src.zip!/jdk.crypto.cryptoki" type="simple" />
            <root url="jar:///usr/lib/jvm/liberica-jdk-11-full/lib/src.zip!/jdk.internal.jvmstat" type="simple" />
            <root url="jar:///usr/lib/jvm/liberica-jdk-11-full/lib/src.zip!/jdk.management.agent" type="simple" />
            <root url="jar:///usr/lib/jvm/liberica-jdk-11-full/lib/src.zip!/jdk.packager.services" type="simple" />
            <root url="jar:///usr/lib/jvm/liberica-jdk-11-full/lib/src.zip!/jdk.scripting.nashorn" type="simple" />
            <root url="jar:///usr/lib/jvm/liberica-jdk-11-full/lib/src.zip!/jdk.unsupported.desktop" type="simple" />
            <root url="jar:///usr/lib/jvm/liberica-jdk-11-full/lib/src.zip!/jdk.internal.vm.compiler" type="simple" />
            <root url="jar:///usr/lib/jvm/liberica-jdk-11-full/lib/src.zip!/jdk.scripting.nashorn.shell" type="simple" />
            <root url="jar:///usr/lib/jvm/liberica-jdk-11-full/lib/src.zip!/jdk.internal.vm.compiler.management" type="simple" />
          </root>
        </sourcePath>
      </roots>
      <additional />
    </jdk>
    <jdk version="2">
      <name value="jdk11-openjdk" />
      <type value="JavaSDK" />
      <version value="BellSoft Liberica version 11.0.14" />
      <homePath value="/usr/lib/jvm/liberica-jdk-11-full" />
      <roots>
        <annotationsPath>
          <root type="composite">
            <root url="jar://$APPLICATION_HOME_DIR$/plugins/java/lib/resources/jdkAnnotations.jar!/" type="simple" />
          </root>
        </annotationsPath>
        <classPath>
          <root type="composite">
            <root url="jrt:///usr/lib/jvm/liberica-jdk-11-full!/java.base" type="simple" />
            <root url="jrt:///usr/lib/jvm/liberica-jdk-11-full!/java.compiler" type="simple" />
            <root url="jrt:///usr/lib/jvm/liberica-jdk-11-full!/java.datatransfer" type="simple" />
            <root url="jrt:///usr/lib/jvm/liberica-jdk-11-full!/java.desktop" type="simple" />
            <root url="jrt:///usr/lib/jvm/liberica-jdk-11-full!/java.instrument" type="simple" />
            <root url="jrt:///usr/lib/jvm/liberica-jdk-11-full!/java.logging" type="simple" />
            <root url="jrt:///usr/lib/jvm/liberica-jdk-11-full!/java.management" type="simple" />
            <root url="jrt:///usr/lib/jvm/liberica-jdk-11-full!/java.management.rmi" type="simple" />
            <root url="jrt:///usr/lib/jvm/liberica-jdk-11-full!/java.naming" type="simple" />
            <root url="jrt:///usr/lib/jvm/liberica-jdk-11-full!/java.net.http" type="simple" />
            <root url="jrt:///usr/lib/jvm/liberica-jdk-11-full!/java.prefs" type="simple" />
            <root url="jrt:///usr/lib/jvm/liberica-jdk-11-full!/java.rmi" type="simple" />
            <root url="jrt:///usr/lib/jvm/liberica-jdk-11-full!/java.scripting" type="simple" />
            <root url="jrt:///usr/lib/jvm/liberica-jdk-11-full!/java.se" type="simple" />
            <root url="jrt:///usr/lib/jvm/liberica-jdk-11-full!/java.security.jgss" type="simple" />
            <root url="jrt:///usr/lib/jvm/liberica-jdk-11-full!/java.security.sasl" type="simple" />
            <root url="jrt:///usr/lib/jvm/liberica-jdk-11-full!/java.smartcardio" type="simple" />
            <root url="jrt:///usr/lib/jvm/liberica-jdk-11-full!/java.sql" type="simple" />
            <root url="jrt:///usr/lib/jvm/liberica-jdk-11-full!/java.sql.rowset" type="simple" />
            <root url="jrt:///usr/lib/jvm/liberica-jdk-11-full!/java.transaction.xa" type="simple" />
            <root url="jrt:///usr/lib/jvm/liberica-jdk-11-full!/java.xml" type="simple" />
            <root url="jrt:///usr/lib/jvm/liberica-jdk-11-full!/java.xml.crypto" type="simple" />
            <root url="jrt:///usr/lib/jvm/liberica-jdk-11-full!/javafx.base" type="simple" />
            <root url="jrt:///usr/lib/jvm/liberica-jdk-11-full!/javafx.controls" type="simple" />
            <root url="jrt:///usr/lib/jvm/liberica-jdk-11-full!/javafx.fxml" type="simple" />
            <root url="jrt:///usr/lib/jvm/liberica-jdk-11-full!/javafx.graphics" type="simple" />
            <root url="jrt:///usr/lib/jvm/liberica-jdk-11-full!/javafx.media" type="simple" />
            <root url="jrt:///usr/lib/jvm/liberica-jdk-11-full!/javafx.swing" type="simple" />
            <root url="jrt:///usr/lib/jvm/liberica-jdk-11-full!/javafx.web" type="simple" />
            <root url="jrt:///usr/lib/jvm/liberica-jdk-11-full!/jdk.accessibility" type="simple" />
            <root url="jrt:///usr/lib/jvm/liberica-jdk-11-full!/jdk.aot" type="simple" />
            <root url="jrt:///usr/lib/jvm/liberica-jdk-11-full!/jdk.attach" type="simple" />
            <root url="jrt:///usr/lib/jvm/liberica-jdk-11-full!/jdk.charsets" type="simple" />
            <root url="jrt:///usr/lib/jvm/liberica-jdk-11-full!/jdk.compiler" type="simple" />
            <root url="jrt:///usr/lib/jvm/liberica-jdk-11-full!/jdk.crypto.cryptoki" type="simple" />
            <root url="jrt:///usr/lib/jvm/liberica-jdk-11-full!/jdk.crypto.ec" type="simple" />
            <root url="jrt:///usr/lib/jvm/liberica-jdk-11-full!/jdk.dynalink" type="simple" />
            <root url="jrt:///usr/lib/jvm/liberica-jdk-11-full!/jdk.editpad" type="simple" />
            <root url="jrt:///usr/lib/jvm/liberica-jdk-11-full!/jdk.hotspot.agent" type="simple" />
            <root url="jrt:///usr/lib/jvm/liberica-jdk-11-full!/jdk.httpserver" type="simple" />
            <root url="jrt:///usr/lib/jvm/liberica-jdk-11-full!/jdk.internal.ed" type="simple" />
            <root url="jrt:///usr/lib/jvm/liberica-jdk-11-full!/jdk.internal.jvmstat" type="simple" />
            <root url="jrt:///usr/lib/jvm/liberica-jdk-11-full!/jdk.internal.le" type="simple" />
            <root url="jrt:///usr/lib/jvm/liberica-jdk-11-full!/jdk.internal.opt" type="simple" />
            <root url="jrt:///usr/lib/jvm/liberica-jdk-11-full!/jdk.internal.vm.ci" type="simple" />
            <root url="jrt:///usr/lib/jvm/liberica-jdk-11-full!/jdk.internal.vm.compiler" type="simple" />
            <root url="jrt:///usr/lib/jvm/liberica-jdk-11-full!/jdk.internal.vm.compiler.management" type="simple" />
            <root url="jrt:///usr/lib/jvm/liberica-jdk-11-full!/jdk.jartool" type="simple" />
            <root url="jrt:///usr/lib/jvm/liberica-jdk-11-full!/jdk.javadoc" type="simple" />
            <root url="jrt:///usr/lib/jvm/liberica-jdk-11-full!/jdk.jcmd" type="simple" />
            <root url="jrt:///usr/lib/jvm/liberica-jdk-11-full!/jdk.jconsole" type="simple" />
            <root url="jrt:///usr/lib/jvm/liberica-jdk-11-full!/jdk.jdeps" type="simple" />
            <root url="jrt:///usr/lib/jvm/liberica-jdk-11-full!/jdk.jdi" type="simple" />
            <root url="jrt:///usr/lib/jvm/liberica-jdk-11-full!/jdk.jdwp.agent" type="simple" />
            <root url="jrt:///usr/lib/jvm/liberica-jdk-11-full!/jdk.jfr" type="simple" />
            <root url="jrt:///usr/lib/jvm/liberica-jdk-11-full!/jdk.jlink" type="simple" />
            <root url="jrt:///usr/lib/jvm/liberica-jdk-11-full!/jdk.jshell" type="simple" />
            <root url="jrt:///usr/lib/jvm/liberica-jdk-11-full!/jdk.jsobject" type="simple" />
            <root url="jrt:///usr/lib/jvm/liberica-jdk-11-full!/jdk.jstatd" type="simple" />
            <root url="jrt:///usr/lib/jvm/liberica-jdk-11-full!/jdk.localedata" type="simple" />
            <root url="jrt:///usr/lib/jvm/liberica-jdk-11-full!/jdk.management" type="simple" />
            <root url="jrt:///usr/lib/jvm/liberica-jdk-11-full!/jdk.management.agent" type="simple" />
            <root url="jrt:///usr/lib/jvm/liberica-jdk-11-full!/jdk.management.jfr" type="simple" />
            <root url="jrt:///usr/lib/jvm/liberica-jdk-11-full!/jdk.naming.dns" type="simple" />
            <root url="jrt:///usr/lib/jvm/liberica-jdk-11-full!/jdk.naming.ldap" type="simple" />
            <root url="jrt:///usr/lib/jvm/liberica-jdk-11-full!/jdk.naming.rmi" type="simple" />
            <root url="jrt:///usr/lib/jvm/liberica-jdk-11-full!/jdk.net" type="simple" />
            <root url="jrt:///usr/lib/jvm/liberica-jdk-11-full!/jdk.pack" type="simple" />
            <root url="jrt:///usr/lib/jvm/liberica-jdk-11-full!/jdk.packager" type="simple" />
            <root url="jrt:///usr/lib/jvm/liberica-jdk-11-full!/jdk.packager.services" type="simple" />
            <root url="jrt:///usr/lib/jvm/liberica-jdk-11-full!/jdk.rmic" type="simple" />
            <root url="jrt:///usr/lib/jvm/liberica-jdk-11-full!/jdk.scripting.nashorn" type="simple" />
            <root url="jrt:///usr/lib/jvm/liberica-jdk-11-full!/jdk.scripting.nashorn.shell" type="simple" />
            <root url="jrt:///usr/lib/jvm/liberica-jdk-11-full!/jdk.sctp" type="simple" />
            <root url="jrt:///usr/lib/jvm/liberica-jdk-11-full!/jdk.security.auth" type="simple" />
            <root url="jrt:///usr/lib/jvm/liberica-jdk-11-full!/jdk.security.jgss" type="simple" />
            <root url="jrt:///usr/lib/jvm/liberica-jdk-11-full!/jdk.unsupported" type="simple" />
            <root url="jrt:///usr/lib/jvm/liberica-jdk-11-full!/jdk.unsupported.desktop" type="simple" />
            <root url="jrt:///usr/lib/jvm/liberica-jdk-11-full!/jdk.xml.dom" type="simple" />
            <root url="jrt:///usr/lib/jvm/liberica-jdk-11-full!/jdk.zipfs" type="simple" />
          </root>
        </classPath>
        <javadocPath>
          <root type="composite" />
        </javadocPath>
        <sourcePath>
          <root type="composite">
            <root url="jar:///usr/lib/jvm/liberica-jdk-11-full/lib/src.zip!/java.se" type="simple" />
            <root url="jar:///usr/lib/jvm/liberica-jdk-11-full/lib/src.zip!/jdk.aot" type="simple" />
            <root url="jar:///usr/lib/jvm/liberica-jdk-11-full/lib/src.zip!/jdk.jdi" type="simple" />
            <root url="jar:///usr/lib/jvm/liberica-jdk-11-full/lib/src.zip!/jdk.jfr" type="simple" />
            <root url="jar:///usr/lib/jvm/liberica-jdk-11-full/lib/src.zip!/jdk.net" type="simple" />
            <root url="jar:///usr/lib/jvm/liberica-jdk-11-full/lib/src.zip!/java.rmi" type="simple" />
            <root url="jar:///usr/lib/jvm/liberica-jdk-11-full/lib/src.zip!/java.sql" type="simple" />
            <root url="jar:///usr/lib/jvm/liberica-jdk-11-full/lib/src.zip!/java.xml" type="simple" />
            <root url="jar:///usr/lib/jvm/liberica-jdk-11-full/lib/src.zip!/jdk.jcmd" type="simple" />
            <root url="jar:///usr/lib/jvm/liberica-jdk-11-full/lib/src.zip!/jdk.pack" type="simple" />
            <root url="jar:///usr/lib/jvm/liberica-jdk-11-full/lib/src.zip!/jdk.rmic" type="simple" />
            <root url="jar:///usr/lib/jvm/liberica-jdk-11-full/lib/src.zip!/jdk.sctp" type="simple" />
            <root url="jar:///usr/lib/jvm/liberica-jdk-11-full/lib/src.zip!/java.base" type="simple" />
            <root url="jar:///usr/lib/jvm/liberica-jdk-11-full/lib/src.zip!/jdk.jdeps" type="simple" />
            <root url="jar:///usr/lib/jvm/liberica-jdk-11-full/lib/src.zip!/jdk.jlink" type="simple" />
            <root url="jar:///usr/lib/jvm/liberica-jdk-11-full/lib/src.zip!/jdk.zipfs" type="simple" />
            <root url="jar:///usr/lib/jvm/liberica-jdk-11-full/lib/src.zip!/java.prefs" type="simple" />
            <root url="jar:///usr/lib/jvm/liberica-jdk-11-full/lib/src.zip!/javafx.web" type="simple" />
            <root url="jar:///usr/lib/jvm/liberica-jdk-11-full/lib/src.zip!/jdk.attach" type="simple" />
            <root url="jar:///usr/lib/jvm/liberica-jdk-11-full/lib/src.zip!/jdk.jshell" type="simple" />
            <root url="jar:///usr/lib/jvm/liberica-jdk-11-full/lib/src.zip!/jdk.jstatd" type="simple" />
            <root url="jar:///usr/lib/jvm/liberica-jdk-11-full/lib/src.zip!/java.naming" type="simple" />
            <root url="jar:///usr/lib/jvm/liberica-jdk-11-full/lib/src.zip!/javafx.base" type="simple" />
            <root url="jar:///usr/lib/jvm/liberica-jdk-11-full/lib/src.zip!/javafx.fxml" type="simple" />
            <root url="jar:///usr/lib/jvm/liberica-jdk-11-full/lib/src.zip!/jdk.editpad" type="simple" />
            <root url="jar:///usr/lib/jvm/liberica-jdk-11-full/lib/src.zip!/jdk.jartool" type="simple" />
            <root url="jar:///usr/lib/jvm/liberica-jdk-11-full/lib/src.zip!/jdk.javadoc" type="simple" />
            <root url="jar:///usr/lib/jvm/liberica-jdk-11-full/lib/src.zip!/jdk.xml.dom" type="simple" />
            <root url="jar:///usr/lib/jvm/liberica-jdk-11-full/lib/src.zip!/java.desktop" type="simple" />
            <root url="jar:///usr/lib/jvm/liberica-jdk-11-full/lib/src.zip!/java.logging" type="simple" />
            <root url="jar:///usr/lib/jvm/liberica-jdk-11-full/lib/src.zip!/javafx.media" type="simple" />
            <root url="jar:///usr/lib/jvm/liberica-jdk-11-full/lib/src.zip!/javafx.swing" type="simple" />
            <root url="jar:///usr/lib/jvm/liberica-jdk-11-full/lib/src.zip!/jdk.charsets" type="simple" />
            <root url="jar:///usr/lib/jvm/liberica-jdk-11-full/lib/src.zip!/jdk.compiler" type="simple" />
            <root url="jar:///usr/lib/jvm/liberica-jdk-11-full/lib/src.zip!/jdk.dynalink" type="simple" />
            <root url="jar:///usr/lib/jvm/liberica-jdk-11-full/lib/src.zip!/jdk.jconsole" type="simple" />
            <root url="jar:///usr/lib/jvm/liberica-jdk-11-full/lib/src.zip!/jdk.jsobject" type="simple" />
            <root url="jar:///usr/lib/jvm/liberica-jdk-11-full/lib/src.zip!/jdk.packager" type="simple" />
            <root url="jar:///usr/lib/jvm/liberica-jdk-11-full/lib/src.zip!/java.compiler" type="simple" />
            <root url="jar:///usr/lib/jvm/liberica-jdk-11-full/lib/src.zip!/java.net.http" type="simple" />
            <root url="jar:///usr/lib/jvm/liberica-jdk-11-full/lib/src.zip!/jdk.crypto.ec" type="simple" />
            <root url="jar:///usr/lib/jvm/liberica-jdk-11-full/lib/src.zip!/java.scripting" type="simple" />
            <root url="jar:///usr/lib/jvm/liberica-jdk-11-full/lib/src.zip!/jdk.httpserver" type="simple" />
            <root url="jar:///usr/lib/jvm/liberica-jdk-11-full/lib/src.zip!/jdk.jdwp.agent" type="simple" />
            <root url="jar:///usr/lib/jvm/liberica-jdk-11-full/lib/src.zip!/jdk.localedata" type="simple" />
            <root url="jar:///usr/lib/jvm/liberica-jdk-11-full/lib/src.zip!/jdk.management" type="simple" />
            <root url="jar:///usr/lib/jvm/liberica-jdk-11-full/lib/src.zip!/jdk.naming.dns" type="simple" />
            <root url="jar:///usr/lib/jvm/liberica-jdk-11-full/lib/src.zip!/jdk.naming.rmi" type="simple" />
            <root url="jar:///usr/lib/jvm/liberica-jdk-11-full/lib/src.zip!/java.instrument" type="simple" />
            <root url="jar:///usr/lib/jvm/liberica-jdk-11-full/lib/src.zip!/java.management" type="simple" />
            <root url="jar:///usr/lib/jvm/liberica-jdk-11-full/lib/src.zip!/java.sql.rowset" type="simple" />
            <root url="jar:///usr/lib/jvm/liberica-jdk-11-full/lib/src.zip!/java.xml.crypto" type="simple" />
            <root url="jar:///usr/lib/jvm/liberica-jdk-11-full/lib/src.zip!/javafx.controls" type="simple" />
            <root url="jar:///usr/lib/jvm/liberica-jdk-11-full/lib/src.zip!/javafx.graphics" type="simple" />
            <root url="jar:///usr/lib/jvm/liberica-jdk-11-full/lib/src.zip!/jdk.internal.ed" type="simple" />
            <root url="jar:///usr/lib/jvm/liberica-jdk-11-full/lib/src.zip!/jdk.internal.le" type="simple" />
            <root url="jar:///usr/lib/jvm/liberica-jdk-11-full/lib/src.zip!/jdk.naming.ldap" type="simple" />
            <root url="jar:///usr/lib/jvm/liberica-jdk-11-full/lib/src.zip!/jdk.unsupported" type="simple" />
            <root url="jar:///usr/lib/jvm/liberica-jdk-11-full/lib/src.zip!/java.smartcardio" type="simple" />
            <root url="jar:///usr/lib/jvm/liberica-jdk-11-full/lib/src.zip!/jdk.internal.opt" type="simple" />
            <root url="jar:///usr/lib/jvm/liberica-jdk-11-full/lib/src.zip!/java.datatransfer" type="simple" />
            <root url="jar:///usr/lib/jvm/liberica-jdk-11-full/lib/src.zip!/jdk.accessibility" type="simple" />
            <root url="jar:///usr/lib/jvm/liberica-jdk-11-full/lib/src.zip!/jdk.hotspot.agent" type="simple" />
            <root url="jar:///usr/lib/jvm/liberica-jdk-11-full/lib/src.zip!/jdk.security.auth" type="simple" />
            <root url="jar:///usr/lib/jvm/liberica-jdk-11-full/lib/src.zip!/jdk.security.jgss" type="simple" />
            <root url="jar:///usr/lib/jvm/liberica-jdk-11-full/lib/src.zip!/java.security.jgss" type="simple" />
            <root url="jar:///usr/lib/jvm/liberica-jdk-11-full/lib/src.zip!/java.security.sasl" type="simple" />
            <root url="jar:///usr/lib/jvm/liberica-jdk-11-full/lib/src.zip!/jdk.internal.vm.ci" type="simple" />
            <root url="jar:///usr/lib/jvm/liberica-jdk-11-full/lib/src.zip!/jdk.management.jfr" type="simple" />
            <root url="jar:///usr/lib/jvm/liberica-jdk-11-full/lib/src.zip!/java.management.rmi" type="simple" />
            <root url="jar:///usr/lib/jvm/liberica-jdk-11-full/lib/src.zip!/java.transaction.xa" type="simple" />
            <root url="jar:///usr/lib/jvm/liberica-jdk-11-full/lib/src.zip!/jdk.crypto.cryptoki" type="simple" />
            <root url="jar:///usr/lib/jvm/liberica-jdk-11-full/lib/src.zip!/jdk.internal.jvmstat" type="simple" />
            <root url="jar:///usr/lib/jvm/liberica-jdk-11-full/lib/src.zip!/jdk.management.agent" type="simple" />
            <root url="jar:///usr/lib/jvm/liberica-jdk-11-full/lib/src.zip!/jdk.packager.services" type="simple" />
            <root url="jar:///usr/lib/jvm/liberica-jdk-11-full/lib/src.zip!/jdk.scripting.nashorn" type="simple" />
            <root url="jar:///usr/lib/jvm/liberica-jdk-11-full/lib/src.zip!/jdk.unsupported.desktop" type="simple" />
            <root url="jar:///usr/lib/jvm/liberica-jdk-11-full/lib/src.zip!/jdk.internal.vm.compiler" type="simple" />
            <root url="jar:///usr/lib/jvm/liberica-jdk-11-full/lib/src.zip!/jdk.scripting.nashorn.shell" type="simple" />
            <root url="jar:///usr/lib/jvm/liberica-jdk-11-full/lib/src.zip!/jdk.internal.vm.compiler.management" type="simple" />
          </root>
        </sourcePath>
      </roots>
      <additional />
    </jdk>
  </component>
</application>