<application>
  <component name="Translation.Cache">
    <option name="lastTrimTime" value="1676175698487" />
  </component>
  <component name="Translation.Settings">
    <option name="primaryLanguage" value="AUTO" />
    <option name="showExplanation" value="true" />
    <option name="showWordsOnStartup" value="true" />
    <option name="translator" value="YOUDAO" />
    <option name="youdaoTranslateSettings">
      <youdao-translate>
        <option name="appId" value="5200030543dfdeec" />
      </youdao-translate>
    </option>
  </component>
  <component name="Translation.States">
    <histories>
      <item value="Unable to obtain connection from database: Could not create connection to database server. Attempted reconnect 3 times. Giving up." />
      <item value="ports" />
    </histories>
    <option name="languageScores">
      <map>
        <entry key="CHINESE" value="3" />
        <entry key="ENGLISH" value="3" />
      </map>
    </option>
  </component>
</application>