<application>
  <component name="Translation.Cache">
    <option name="lastTrimTime" value="1677736934587" />
  </component>
  <component name="Translation.States">
    <option name="newTranslationDialogWidth" value="592" />
    <option name="newTranslationDialogX" value="738" />
    <option name="newTranslationDialogY" value="418" />
    <option name="pinTranslationDialog" value="true" />
    <histories>
      <item value="Expression is always false according to nullable reference types' annotations" />
      <item value="Name 'context' does not match rule 'Instance fields (private)'. Suggested name is '_context'." />
      <item value="Route parameter constraint 'long' can be added since corresponding argument of method has type 'long'" />
      <item value="Catalog" />
      <item value="Object reference not set to an instance of an object." />
      <item value="Actions require a unique methodpath combination for SwaggerOpenAPI 3.0. Use ConflictingActionsResolver as a workaround" />
      <item value="Finds an entity with the given primary key values. If an entity with the given primary key values is being tracked by the context, then it is returned immediately without making a request to the database. Otherwise, a query is made to the database for an entity with the given primary key values and this entity, if found, is attached to the context and returned. If no entity is found, then null is returned." />
      <item value="failed to create endpoint sql2019 on network bridge: failed to add the host (veth1f35fe4) &lt;=&gt; sandbox (veth35e4efd) pair interfaces: operation not supported" />
      <item value="Use not null pattern instead of a type check succeeding on any not-null value" />
      <item value="蛋炒饭" />
      <item value="可执行文件" />
      <item value="development" />
      <item value="开发阶段" />
      <item value="develop" />
      <item value="开发" />
      <item value="Development" />
      <item value="frame" />
      <item value="依赖项" />
      <item value="依赖" />
      <item value="独立应用" />
      <item value="编译时间更少" />
      <item value="更少时间" />
      <item value="部署更小" />
      <item value="更多时间,性能更稳定" />
      <item value="花费更多时间,性能更稳定" />
      <item value="稳定" />
      <item value="同时" />
      <item value="同时进行" />
      <item value="机器代码" />
      <item value="中间语言" />
      <item value="库" />
      <item value="组成" />
      <item value="Implement" />
      <item value="implements" />
      <item value="Implements" />
      <item value="实现" />
      <item value="生态系统" />
      <item value="体系结构" />
      <item value="pressing space didnt insert completion suggestion" />
      <item value="Sample" />
      <item value="Trim" />
    </histories>
    <option name="languageScores">
      <map>
        <entry key="CHINESE" value="38" />
        <entry key="ENGLISH" value="39" />
      </map>
    </option>
  </component>
</application>