<application>
  <component name="NodeJsLocalInterpreterManager">
    <local-interpreter path="$USER_HOME$/.nvm/versions/node/v18.14.0/bin/node">
      <version-cache version="18.14.0" last-modified="1675290527000" />
    </local-interpreter>
    <local-interpreter path="$USER_HOME$/.nvm/versions/node/v16.19.0/bin/node">
      <version-cache version="16.19.0" last-modified="1670917451000" />
    </local-interpreter>
    <local-interpreter path="$USER_HOME$/.nvm/versions/node/v13.14.0/bin/node">
      <version-cache last-modified="0" />
    </local-interpreter>
  </component>
</application>