<application>
  <component name="ProjectManager">
    <defaultProject>
      <component name="AutoImportSettings">
        <option name="autoReloadType" value="SELECTIVE" />
      </component>
      <component name="JavaScriptLibraryMappings">
        <includedPredefinedLibrary name="Node.js Core" />
      </component>
      <component name="JsBowerSettings">
        <bower-package value="" />
        <bower.json value="" />
      </component>
      <component name="MarkdownSettingsMigration">
        <option name="stateVersion" value="1" />
      </component>
      <component name="PropertiesComponent"><![CDATA[{
  "keyToString": {
    "javascript.nodejs.core.library.configured.version": "16.19.0",
    "javascript.nodejs.core.library.typings.version": "16.18.12",
    "last_opened_file_path": "/home/albert/Coding/open-source-project",
    "node.js.selected.package.eslint": "(autodetect)",
    "node.js.selected.package.standard": "",
    "nodejs_interpreter_path": "/home/albert/.nvm/versions/node/v16.19.0/bin/node",
    "nodejs_package_manager_path": "pnpm",
    "settings.editor.selected.configurable": "preferences.general"
  }
}]]></component>
      <component name="masterDetails">
        <states>
          <state key="ScopeChooserConfigurable.UI">
            <settings>
              <splitter-proportions>
                <option name="proportions">
                  <list>
                    <option value="0.2" />
                  </list>
                </option>
              </splitter-proportions>
            </settings>
          </state>
        </states>
      </component>
    </defaultProject>
  </component>
</application>