<application>
  <component name="Translation.Cache">
    <option name="lastTrimTime" value="1677636995452" />
  </component>
  <component name="Translation.Settings">
    <option name="primaryLanguage" value="AUTO" />
    <option name="translator" value="YOUDAO" />
    <option name="youdaoTranslateSettings">
      <youdao-translate>
        <option name="appId" value="5200030543dfdeec" />
      </youdao-translate>
    </option>
  </component>
  <component name="Translation.States">
    <option name="newTranslationDialogWidth" value="596" />
    <option name="newTranslationDialogX" value="1062" />
    <option name="newTranslationDialogY" value="621" />
    <option name="pinTranslationDialog" value="true" />
    <histories>
      <item value="business type" />
      <item value="busi" />
      <item value="y" />
      <item value="activity" />
      <item value="业务类型" />
      <item value="实战项目" />
      <item value="It is possible to express alternative paths in a sequence diagram. This is done by the notation" />
      <item value="It is possible to indicate a stop of the sequence within the flow (usually used to model exceptions)" />
      <item value="闸口" />
      <item value="堆场" />
      <item value="委托" />
      <item value="装载机" />
      <item value="物流司机" />
      <item value="客户" />
    </histories>
    <option name="languageScores">
      <map>
        <entry key="CHINESE" value="13" />
        <entry key="ENGLISH" value="13" />
      </map>
    </option>
  </component>
</application>